{
    "webPort": 8000,

    "mongodbUrl": "mongodb://localhost/pushNotif",

    "gcm": {
        "apiKey": "AIzaSyDYT1ZE0YlWLp3ccGmmJIOmNnum14RStp8"
    },

    "apn": {
        "connection": {
            "gateway": "gateway.sandbox.push.apple.com",
            "cert": "/path/to/cert.pem",
            "key": "/path/to/key.pem"
        },
        "feedback": {
            "address": "feedback.sandbox.push.apple.com",
            "cert": "/path/to/cert.pem",
            "key": "/path/to/key.pem",
            "interval": 43200,
            "batchFeedback": true
        }
    }
}
